Transaction_ID,Products
1,"Camiseta, Calcetines"
2,"Gorra, Zapatillas, Pantalones"
3,"Balón, Bolsa"
4,"Camiseta, Pantalones"
5,"Gorra, Botella, Camiseta"
6,"Botella, Bolsa, Gorra"
7,"Balón, Calcetines, Camiseta, Bolsa, Pantalones"
8,"Sudadera, Calcetines, Zapatillas, Pantalones, Toalla"
9,"Pantalones, Bolsa"
10,"Sudadera, Balón"
11,"Camiseta, Toalla, Pantalones, Gorra"
12,"Botella, Calcetines"
13,"Balón, Gorra, Pantalones, Camiseta"
14,"Calcetines, Pantalones, Gorra"
15,"Bolsa, Calcetines"
16,"Sudadera, Zapatillas, Balón, Botella, Pantalones"
17,"Pantalones, Zapatillas, Gorra, Balón"
18,"Bolsa, Calcetines, Gorra, Sudadera, Zapatillas"
19,"Gorra, Camiseta"
20,"Bolsa, Calcetines, Pantalones, Toalla"
21,"Gorra, Toalla, Bolsa, Sudadera"
22,"Zapatillas, Calcetines, Balón, Pantalones, Sudadera"
23,"Balón, Bolsa, Botella, Zapatillas"
24,"Zapatillas, Botella, Toalla"
25,"Camiseta, Pantalones"
26,"Zapatillas, Bolsa, Pantalones"
27,"Bolsa, Toalla, Calcetines, Botella, Camiseta"
28,"Botella, Calcetines"
29,"Pantalones, Calcetines, Bolsa, Balón"
30,"Camiseta, Calcetines, Zapatillas, Botella, Balón"
31,"Botella, Gorra, Zapatillas, Toalla"
32,"Botella, Balón, Camiseta"
33,"Toalla, Camiseta, Pantalones, Zapatillas"
34,"Gorra, Camiseta, Balón, Calcetines"
35,"Pantalones, Toalla"
36,"Botella, Zapatillas"
37,"Toalla, Botella, Zapatillas"
38,"Botella, Bolsa, Gorra, Calcetines"
39,"Calcetines, Bolsa, Sudadera"
40,"Botella, Toalla, Pantalones, Balón, Bolsa"
41,"Sudadera, Camiseta"
42,"Balón, Gorra, Camiseta"
43,"Camiseta, Gorra"
44,"Camiseta, Sudadera"
45,"Botella, Gorra"
46,"Toalla, Gorra, Zapatillas, Sudadera"
47,"Gorra, Toalla, Bolsa, Pantalones, Camiseta"
48,"Bolsa, Sudadera"
49,"Bolsa, Toalla, Camiseta, Sudadera, Balón"
50,"Camiseta, Bolsa"
51,"Pantalones, Gorra, Botella, Balón"
52,"Zapatillas, Bolsa, Balón, Toalla, Gorra"
53,"Pantalones, Toalla, Balón"
54,"Botella, Camiseta"
55,"Gorra, Zapatillas"
56,"Toalla, Balón, Gorra, Bolsa, Botella"
57,"Zapatillas, Bolsa"
58,"Bolsa, Calcetines"
59,"Calcetines, Bolsa, Toalla, Pantalones, Botella"
60,"Gorra, Camiseta, Botella, Sudadera"
61,"Camiseta, Balón, Toalla, Calcetines"
62,"Camiseta, Botella, Pantalones"
63,"Pantalones, Balón, Gorra"
64,"Pantalones, Gorra, Camiseta, Calcetines, Toalla"
65,"Balón, Botella, Sudadera, Zapatillas, Pantalones"
66,"Gorra, Calcetines, Bolsa, Pantalones"
67,"Toalla, Sudadera, Pantalones, Camiseta"
68,"Balón, Pantalones, Botella, Calcetines, Toalla"
69,"Zapatillas, Sudadera, Pantalones, Toalla"
70,"Calcetines, Zapatillas, Toalla, Bolsa"
71,"Balón, Botella, Camiseta, Sudadera"
72,"Pantalones, Zapatillas, Calcetines, Camiseta"
73,"Botella, Zapatillas"
74,"Calcetines, Gorra, Sudadera, Pantalones"
75,"Botella, Toalla, Calcetines, Bolsa"
76,"Pantalones, Bolsa"
77,"Camiseta, Balón, Sudadera, Bolsa"
78,"Calcetines, Zapatillas, Toalla"
79,"Botella, Camiseta, Pantalones, Balón, Sudadera"
80,"Botella, Camiseta, Sudadera"
81,"Bolsa, Zapatillas, Camiseta"
82,"Sudadera, Camiseta, Balón, Pantalones"
83,"Pantalones, Sudadera, Bolsa"
84,"Gorra, Zapatillas, Botella"
85,"Camiseta, Zapatillas, Sudadera, Bolsa, Gorra"
86,"Calcetines, Zapatillas, Pantalones"
87,"Camiseta, Toalla, Gorra, Pantalones, Botella"
88,"Calcetines, Gorra, Botella, Camiseta"
89,"Bolsa, Sudadera, Calcetines"
90,"Calcetines, Sudadera"
91,"Botella, Sudadera, Camiseta, Toalla, Zapatillas"
92,"Balón, Calcetines, Camiseta"
93,"Balón, Bolsa"
94,"Sudadera, Bolsa, Pantalones, Gorra"
95,"Calcetines, Camiseta, Bolsa"
96,"Botella, Balón"
97,"Sudadera, Bolsa, Pantalones"
98,"Balón, Sudadera, Pantalones, Botella"
99,"Botella, Calcetines, Bolsa, Zapatillas"
100,"Calcetines, Botella, Zapatillas, Pantalones, Gorra"
101,"Zapatillas, Calcetines, Bolsa, Botella, Camiseta"
102,"Calcetines, Gorra, Bolsa, Toalla"
103,"Toalla, Balón, Botella, Sudadera"
104,"Botella, Toalla, Zapatillas"
105,"Calcetines, Botella"
106,"Pantalones, Gorra, Calcetines, Balón"
107,"Zapatillas, Camiseta, Botella"
108,"Toalla, Pantalones, Balón"
109,"Balón, Gorra, Bolsa, Botella, Toalla"
110,"Zapatillas, Camiseta, Pantalones"
111,"Gorra, Zapatillas, Toalla, Camiseta, Calcetines"
112,"Pantalones, Toalla, Zapatillas"
113,"Botella, Balón, Sudadera, Bolsa, Gorra"
114,"Botella, Toalla, Zapatillas, Sudadera, Gorra"
115,"Calcetines, Gorra, Balón, Bolsa, Toalla"
116,"Gorra, Calcetines, Toalla, Camiseta, Sudadera"
117,"Gorra, Calcetines, Sudadera, Zapatillas"
118,"Zapatillas, Balón"
119,"Bolsa, Zapatillas, Gorra"
120,"Bolsa, Balón"
121,"Botella, Toalla, Bolsa, Camiseta"
122,"Bolsa, Balón, Camiseta"
123,"Toalla, Camiseta, Sudadera, Zapatillas, Gorra"
124,"Botella, Balón, Gorra, Toalla, Pantalones"
125,"Bolsa, Toalla, Camiseta, Gorra"
126,"Bolsa, Zapatillas, Toalla, Pantalones"
127,"Bolsa, Camiseta"
128,"Bolsa, Zapatillas"
129,"Zapatillas, Camiseta, Calcetines, Gorra, Balón"
130,"Toalla, Sudadera, Botella"
131,"Calcetines, Bolsa, Balón, Botella, Camiseta"
132,"Camiseta, Botella, Balón, Zapatillas, Pantalones"
133,"Camiseta, Balón"
134,"Gorra, Camiseta, Zapatillas"
135,"Zapatillas, Toalla, Pantalones"
136,"Toalla, Calcetines, Sudadera"
137,"Balón, Pantalones, Zapatillas"
138,"Pantalones, Camiseta, Calcetines, Toalla"
139,"Bolsa, Gorra, Pantalones, Calcetines, Sudadera"
140,"Pantalones, Calcetines, Balón"
141,"Sudadera, Botella"
142,"Sudadera, Pantalones, Balón, Camiseta, Gorra"
143,"Pantalones, Bolsa, Sudadera, Toalla, Gorra"
144,"Bolsa, Zapatillas, Calcetines"
145,"Toalla, Bolsa, Calcetines, Zapatillas, Pantalones"
146,"Calcetines, Toalla"
147,"Toalla, Bolsa, Sudadera"
148,"Toalla, Sudadera"
149,"Toalla, Gorra, Sudadera"
150,"Sudadera, Calcetines, Botella, Toalla"
151,"Botella, Gorra"
152,"Gorra, Bolsa"
153,"Botella, Gorra, Toalla, Sudadera, Bolsa"
154,"Toalla, Camiseta, Pantalones, Zapatillas, Balón"
155,"Gorra, Calcetines, Sudadera, Balón, Botella"
156,"Bolsa, Botella, Sudadera, Zapatillas"
157,"Calcetines, Balón, Botella, Pantalones, Camiseta"
158,"Sudadera, Pantalones, Zapatillas"
159,"Gorra, Toalla, Calcetines"
160,"Pantalones, Gorra, Calcetines, Balón"
161,"Zapatillas, Calcetines, Camiseta, Sudadera"
162,"Calcetines, Camiseta, Botella"
163,"Zapatillas, Toalla, Pantalones, Bolsa"
164,"Balón, Calcetines"
165,"Toalla, Balón, Sudadera, Pantalones, Camiseta"
166,"Toalla, Pantalones, Botella, Gorra"
167,"Pantalones, Camiseta, Zapatillas, Balón, Calcetines"
168,"Pantalones, Gorra, Balón, Calcetines"
169,"Balón, Gorra, Bolsa, Botella, Toalla"
170,"Balón, Bolsa, Calcetines, Toalla"
171,"Balón, Pantalones"
172,"Gorra, Calcetines, Pantalones"
173,"Gorra, Zapatillas, Pantalones"
174,"Camiseta, Bolsa, Toalla"
175,"Calcetines, Camiseta, Gorra, Zapatillas, Sudadera"
176,"Toalla, Pantalones, Gorra, Zapatillas"
177,"Bolsa, Pantalones, Gorra"
178,"Calcetines, Zapatillas, Pantalones"
179,"Zapatillas, Calcetines"
180,"Toalla, Pantalones, Balón, Sudadera"
181,"Bolsa, Calcetines, Toalla, Gorra"
182,"Balón, Camiseta"
183,"Sudadera, Calcetines, Camiseta, Toalla, Pantalones"
184,"Calcetines, Camiseta"
185,"Toalla, Botella, Balón"
186,"Zapatillas, Bolsa, Toalla, Camiseta"
187,"Sudadera, Bolsa, Balón, Zapatillas, Toalla"
188,"Zapatillas, Sudadera"
189,"Toalla, Calcetines, Bolsa, Balón, Botella"
190,"Toalla, Pantalones"
191,"Calcetines, Sudadera, Pantalones, Bolsa"
192,"Botella, Camiseta, Toalla, Gorra, Balón"
193,"Botella, Sudadera, Toalla"
194,"Camiseta, Gorra, Calcetines, Toalla, Pantalones"
195,"Toalla, Balón, Pantalones, Camiseta"
196,"Zapatillas, Calcetines, Camiseta"
197,"Pantalones, Gorra, Balón, Botella, Camiseta"
198,"Toalla, Calcetines, Botella"
199,"Toalla, Balón, Gorra, Botella, Calcetines"
200,"Bolsa, Gorra, Zapatillas"
201,"Calcetines, Bolsa"
202,"Botella, Calcetines, Camiseta, Zapatillas"
203,"Balón, Toalla, Zapatillas, Gorra"
204,"Sudadera, Balón, Bolsa, Gorra, Zapatillas"
205,"Gorra, Bolsa, Balón"
206,"Camiseta, Sudadera, Toalla, Botella, Gorra"
207,"Zapatillas, Toalla, Camiseta, Pantalones, Calcetines"
208,"Pantalones, Toalla, Balón, Calcetines"
209,"Camiseta, Zapatillas, Bolsa, Toalla, Sudadera"
210,"Pantalones, Toalla, Calcetines"
211,"Balón, Bolsa, Pantalones, Botella"
212,"Botella, Bolsa, Sudadera, Toalla"
213,"Botella, Camiseta, Pantalones, Toalla, Sudadera"
214,"Gorra, Pantalones, Bolsa, Camiseta"
215,"Toalla, Zapatillas"
216,"Camiseta, Balón, Sudadera, Bolsa"
217,"Calcetines, Sudadera"
218,"Bolsa, Zapatillas, Gorra, Calcetines"
219,"Balón, Zapatillas, Botella, Pantalones, Camiseta"
220,"Balón, Gorra, Toalla, Calcetines, Pantalones"
221,"Toalla, Calcetines, Balón"
222,"Camiseta, Toalla, Calcetines, Sudadera"
223,"Pantalones, Toalla, Sudadera"
224,"Bolsa, Calcetines, Toalla, Balón"
225,"Gorra, Bolsa, Toalla, Camiseta"
226,"Bolsa, Sudadera, Calcetines"
227,"Camiseta, Bolsa, Calcetines, Balón"
228,"Balón, Toalla"
229,"Gorra, Sudadera, Balón, Botella"
230,"Balón, Calcetines, Zapatillas"
231,"Camiseta, Calcetines"
232,"Camiseta, Sudadera, Zapatillas, Balón, Toalla"
233,"Bolsa, Zapatillas, Gorra, Pantalones"
234,"Botella, Balón, Calcetines, Bolsa"
235,"Calcetines, Toalla, Balón"
236,"Pantalones, Toalla, Balón, Botella"
237,"Bolsa, Botella, Sudadera"
238,"Bolsa, Camiseta"
239,"Botella, Pantalones, Toalla, Zapatillas"
240,"Balón, Bolsa, Sudadera, Camiseta"
241,"Toalla, Camiseta, Sudadera"
242,"Pantalones, Toalla, Calcetines"
243,"Pantalones, Zapatillas, Camiseta, Toalla, Botella"
244,"Pantalones, Balón, Gorra, Calcetines, Botella"
245,"Toalla, Sudadera, Bolsa, Calcetines, Botella"
246,"Bolsa, Pantalones, Toalla"
247,"Calcetines, Camiseta, Sudadera, Pantalones, Gorra"
248,"Gorra, Sudadera, Pantalones, Botella, Zapatillas"
249,"Camiseta, Bolsa, Calcetines, Pantalones"
250,"Toalla, Pantalones"
251,"Balón, Camiseta, Botella"
252,"Gorra, Zapatillas, Balón, Camiseta"
253,"Balón, Gorra, Botella"
254,"Zapatillas, Camiseta, Calcetines, Bolsa"
255,"Zapatillas, Botella, Calcetines"
256,"Pantalones, Camiseta, Zapatillas"
257,"Sudadera, Gorra"
258,"Camiseta, Zapatillas, Calcetines, Balón"
259,"Bolsa, Botella, Pantalones"
260,"Toalla, Balón"
261,"Botella, Pantalones, Toalla, Calcetines"
262,"Balón, Camiseta, Calcetines"
263,"Camiseta, Balón, Toalla, Bolsa, Gorra"
264,"Pantalones, Toalla, Botella, Camiseta, Bolsa"
265,"Balón, Zapatillas, Pantalones, Toalla"
266,"Balón, Botella, Sudadera, Gorra"
267,"Toalla, Botella, Bolsa, Camiseta"
268,"Botella, Gorra"
269,"Toalla, Gorra, Bolsa, Zapatillas, Botella"
270,"Bolsa, Pantalones, Sudadera, Gorra, Zapatillas"
271,"Sudadera, Zapatillas, Toalla, Camiseta"
272,"Pantalones, Balón"
273,"Pantalones, Sudadera, Zapatillas, Calcetines, Camiseta"
274,"Pantalones, Bolsa, Sudadera, Botella"
275,"Camiseta, Calcetines, Botella, Zapatillas, Balón"
276,"Zapatillas, Toalla, Gorra"
277,"Sudadera, Botella"
278,"Pantalones, Calcetines, Gorra, Bolsa"
279,"Botella, Balón, Camiseta, Calcetines, Sudadera"
280,"Camiseta, Zapatillas, Calcetines, Sudadera"
281,"Sudadera, Balón, Camiseta, Pantalones"
282,"Balón, Bolsa, Pantalones"
283,"Camiseta, Pantalones, Gorra"
284,"Bolsa, Toalla, Sudadera, Pantalones, Zapatillas"
285,"Sudadera, Pantalones, Camiseta, Botella"
286,"Balón, Camiseta, Pantalones"
287,"Toalla, Bolsa, Balón, Calcetines"
288,"Bolsa, Calcetines, Gorra, Balón, Botella"
289,"Sudadera, Bolsa"
290,"Calcetines, Toalla"
291,"Camiseta, Gorra, Bolsa, Calcetines"
292,"Camiseta, Gorra"
293,"Gorra, Zapatillas, Calcetines, Botella"
294,"Pantalones, Camiseta, Toalla, Sudadera"
295,"Zapatillas, Balón, Bolsa, Calcetines, Sudadera"
296,"Botella, Balón, Sudadera"
297,"Bolsa, Camiseta"
298,"Camiseta, Toalla, Pantalones, Bolsa, Zapatillas"
299,"Balón, Bolsa, Botella, Zapatillas, Camiseta"
300,"Camiseta, Sudadera, Zapatillas, Bolsa, Calcetines"
301,"Sudadera, Pantalones, Bolsa, Toalla, Camiseta"
302,"Bolsa, Balón, Pantalones"
303,"Calcetines, Sudadera, Gorra, Zapatillas, Pantalones"
304,"Botella, Pantalones"
305,"Sudadera, Balón, Zapatillas"
306,"Pantalones, Zapatillas, Calcetines"
307,"Zapatillas, Balón, Pantalones"
308,"Toalla, Balón, Botella"
309,"Sudadera, Zapatillas, Toalla, Camiseta"
310,"Toalla, Calcetines, Botella, Balón, Camiseta"
311,"Botella, Pantalones, Calcetines, Gorra"
312,"Camiseta, Balón, Sudadera, Bolsa, Zapatillas"
313,"Pantalones, Botella"
314,"Toalla, Botella, Camiseta, Gorra, Calcetines"
315,"Sudadera, Toalla, Zapatillas"
316,"Toalla, Pantalones"
317,"Pantalones, Botella, Zapatillas, Camiseta"
318,"Toalla, Balón, Zapatillas"
319,"Sudadera, Calcetines, Bolsa, Gorra"
320,"Balón, Camiseta, Sudadera, Botella"
321,"Pantalones, Botella, Bolsa, Zapatillas"
322,"Balón, Zapatillas, Sudadera, Camiseta"
323,"Sudadera, Calcetines, Bolsa"
324,"Balón, Pantalones, Calcetines"
325,"Sudadera, Zapatillas, Pantalones, Balón, Bolsa"
326,"Botella, Sudadera, Camiseta, Zapatillas, Bolsa"
327,"Gorra, Sudadera, Toalla"
328,"Gorra, Zapatillas, Botella"
329,"Calcetines, Pantalones"
330,"Sudadera, Zapatillas"
331,"Zapatillas, Balón, Botella, Bolsa, Sudadera"
332,"Toalla, Camiseta, Bolsa"
333,"Gorra, Toalla, Calcetines, Bolsa"
334,"Gorra, Botella, Balón, Zapatillas, Toalla"
335,"Sudadera, Toalla, Botella"
336,"Bolsa, Botella, Balón, Pantalones"
337,"Balón, Zapatillas, Calcetines"
338,"Toalla, Sudadera"
339,"Botella, Pantalones"
340,"Pantalones, Zapatillas, Calcetines, Gorra"
341,"Bolsa, Pantalones, Gorra"
342,"Sudadera, Camiseta, Bolsa, Botella, Gorra"
343,"Gorra, Bolsa, Pantalones, Zapatillas"
344,"Camiseta, Sudadera, Pantalones"
345,"Zapatillas, Balón, Camiseta, Botella"
346,"Zapatillas, Toalla, Botella, Calcetines, Camiseta"
347,"Camiseta, Calcetines"
348,"Zapatillas, Botella, Bolsa"
349,"Calcetines, Gorra"
350,"Pantalones, Camiseta, Gorra, Toalla"
351,"Pantalones, Balón, Toalla, Calcetines, Bolsa"
352,"Botella, Gorra"
353,"Calcetines, Bolsa, Camiseta"
354,"Gorra, Bolsa, Zapatillas, Sudadera"
355,"Botella, Sudadera"
356,"Botella, Balón"
357,"Bolsa, Toalla"
358,"Bolsa, Sudadera"
359,"Camiseta, Sudadera, Pantalones, Zapatillas"
360,"Pantalones, Sudadera, Zapatillas"
361,"Sudadera, Botella"
362,"Zapatillas, Toalla, Botella, Sudadera"
363,"Zapatillas, Pantalones, Toalla"
364,"Calcetines, Gorra"
365,"Gorra, Camiseta"
366,"Calcetines, Botella, Bolsa, Toalla"
367,"Calcetines, Camiseta, Gorra, Zapatillas, Bolsa"
368,"Sudadera, Calcetines"
369,"Sudadera, Bolsa"
370,"Toalla, Bolsa, Sudadera, Pantalones, Gorra"
371,"Sudadera, Botella, Calcetines, Bolsa, Camiseta"
372,"Pantalones, Bolsa, Zapatillas, Calcetines, Toalla"
373,"Pantalones, Balón, Sudadera, Toalla"
374,"Calcetines, Toalla, Bolsa, Pantalones"
375,"Sudadera, Toalla, Camiseta, Balón, Zapatillas"
376,"Calcetines, Camiseta, Pantalones, Sudadera, Bolsa"
377,"Sudadera, Botella, Zapatillas, Camiseta, Pantalones"
378,"Camiseta, Zapatillas, Pantalones, Toalla, Sudadera"
379,"Sudadera, Bolsa, Camiseta, Calcetines"
380,"Toalla, Sudadera, Botella"
381,"Pantalones, Zapatillas, Sudadera, Gorra, Botella"
382,"Gorra, Pantalones, Camiseta, Sudadera"
383,"Toalla, Botella, Bolsa"
384,"Calcetines, Balón"
385,"Gorra, Calcetines, Toalla, Pantalones, Camiseta"
386,"Pantalones, Toalla, Zapatillas"
387,"Pantalones, Sudadera, Botella, Toalla, Camiseta"
388,"Calcetines, Zapatillas, Botella, Bolsa"
389,"Botella, Gorra, Pantalones, Toalla"
390,"Gorra, Toalla, Camiseta"
391,"Botella, Sudadera, Toalla, Bolsa"
392,"Balón, Pantalones, Botella"
393,"Bolsa, Toalla, Balón, Botella"
394,"Balón, Pantalones, Zapatillas, Toalla, Sudadera"
395,"Toalla, Balón"
396,"Zapatillas, Botella, Balón, Bolsa"
397,"Bolsa, Botella, Camiseta"
398,"Botella, Zapatillas"
399,"Zapatillas, Balón, Sudadera, Toalla"
400,"Sudadera, Botella, Calcetines"
401,"Calcetines, Gorra"
402,"Zapatillas, Calcetines, Pantalones, Botella"
403,"Balón, Zapatillas, Botella"
404,"Balón, Camiseta, Botella, Toalla"
405,"Balón, Calcetines"
406,"Balón, Bolsa, Camiseta"
407,"Botella, Calcetines, Balón, Gorra, Pantalones"
408,"Calcetines, Toalla, Pantalones, Sudadera, Camiseta"
409,"Toalla, Bolsa, Balón"
410,"Gorra, Sudadera, Zapatillas, Toalla, Botella"
411,"Sudadera, Bolsa, Zapatillas, Botella"
412,"Botella, Balón, Pantalones, Zapatillas"
413,"Toalla, Pantalones, Calcetines"
414,"Gorra, Zapatillas, Pantalones, Camiseta, Botella"
415,"Balón, Bolsa, Gorra, Botella, Pantalones"
416,"Balón, Sudadera, Gorra, Bolsa"
417,"Toalla, Botella, Balón"
418,"Calcetines, Toalla, Camiseta, Botella, Gorra"
419,"Gorra, Balón, Sudadera, Camiseta, Bolsa"
420,"Toalla, Balón, Calcetines, Botella"
421,"Pantalones, Bolsa"
422,"Calcetines, Sudadera, Bolsa"
423,"Camiseta, Bolsa, Balón, Calcetines"
424,"Sudadera, Botella, Calcetines"
425,"Bolsa, Botella"
426,"Botella, Calcetines, Pantalones, Toalla, Camiseta"
427,"Sudadera, Balón, Botella, Bolsa, Pantalones"
428,"Balón, Botella, Bolsa"
429,"Camiseta, Balón"
430,"Sudadera, Toalla, Botella"
431,"Balón, Botella, Zapatillas"
432,"Balón, Sudadera, Zapatillas, Gorra"
433,"Balón, Sudadera, Toalla, Botella"
434,"Toalla, Camiseta, Sudadera, Zapatillas"
435,"Bolsa, Calcetines"
436,"Balón, Toalla"
437,"Balón, Gorra, Camiseta, Calcetines"
438,"Zapatillas, Botella, Bolsa, Pantalones, Sudadera"
439,"Camiseta, Pantalones, Gorra"
440,"Toalla, Sudadera"
441,"Zapatillas, Bolsa, Gorra, Toalla, Calcetines"
442,"Camiseta, Zapatillas, Gorra, Calcetines, Botella"
443,"Botella, Bolsa, Sudadera, Pantalones, Gorra"
444,"Botella, Sudadera, Calcetines, Toalla"
445,"Gorra, Balón, Calcetines, Toalla, Zapatillas"
446,"Calcetines, Balón, Gorra"
447,"Sudadera, Toalla, Balón, Calcetines, Botella"
448,"Calcetines, Pantalones, Bolsa, Gorra"
449,"Zapatillas, Calcetines, Camiseta, Balón"
450,"Sudadera, Toalla"
451,"Toalla, Gorra, Botella, Bolsa"
452,"Botella, Calcetines, Zapatillas, Camiseta"
453,"Gorra, Camiseta, Balón"
454,"Camiseta, Pantalones, Bolsa"
455,"Toalla, Pantalones, Zapatillas, Camiseta"
456,"Bolsa, Toalla, Botella"
457,"Calcetines, Sudadera, Balón"
458,"Pantalones, Gorra"
459,"Zapatillas, Bolsa"
460,"Camiseta, Bolsa, Toalla"
461,"Calcetines, Camiseta, Botella"
462,"Balón, Pantalones, Sudadera, Zapatillas"
463,"Botella, Balón, Toalla, Pantalones, Calcetines"
464,"Calcetines, Gorra, Pantalones, Zapatillas, Toalla"
465,"Calcetines, Zapatillas, Camiseta, Sudadera, Botella"
466,"Balón, Gorra, Zapatillas, Calcetines"
467,"Bolsa, Botella, Sudadera, Camiseta, Gorra"
468,"Zapatillas, Balón"
469,"Sudadera, Gorra, Camiseta, Zapatillas, Botella"
470,"Toalla, Calcetines, Sudadera"
471,"Balón, Camiseta, Calcetines, Sudadera"
472,"Gorra, Camiseta, Pantalones, Balón"
473,"Zapatillas, Bolsa, Calcetines, Sudadera"
474,"Calcetines, Sudadera"
475,"Gorra, Zapatillas, Toalla"
476,"Toalla, Sudadera, Bolsa"
477,"Botella, Gorra, Balón, Sudadera, Calcetines"
478,"Botella, Toalla"
479,"Pantalones, Balón, Camiseta, Bolsa"
480,"Balón, Botella, Zapatillas"
481,"Sudadera, Botella, Toalla"
482,"Gorra, Toalla"
483,"Botella, Toalla"
484,"Toalla, Zapatillas"
485,"Toalla, Camiseta, Balón, Sudadera, Zapatillas"
486,"Bolsa, Calcetines"
487,"Gorra, Pantalones"
488,"Bolsa, Sudadera"
489,"Botella, Camiseta"
490,"Toalla, Camiseta"
491,"Bolsa, Zapatillas, Botella, Balón"
492,"Sudadera, Bolsa, Toalla, Botella, Gorra"
493,"Pantalones, Botella, Zapatillas, Sudadera, Toalla"
494,"Zapatillas, Botella"
495,"Botella, Zapatillas, Gorra, Bolsa, Camiseta"
496,"Calcetines, Toalla"
497,"Botella, Bolsa, Gorra, Pantalones, Toalla"
498,"Zapatillas, Calcetines, Gorra, Sudadera"
499,"Camiseta, Bolsa"
500,"Gorra, Balón"
501,"Pantalones, Camiseta"
502,"Balón, Camiseta, Gorra, Sudadera, Botella"
503,"Toalla, Gorra, Botella, Bolsa, Camiseta"
504,"Botella, Calcetines, Gorra"
505,"Balón, Sudadera, Gorra, Zapatillas"
506,"Botella, Gorra, Bolsa"
507,"Calcetines, Camiseta, Zapatillas, Sudadera"
508,"Botella, Toalla, Camiseta, Zapatillas, Sudadera"
509,"Botella, Sudadera, Bolsa, Gorra, Pantalones"
510,"Bolsa, Zapatillas, Toalla, Pantalones"
511,"Calcetines, Zapatillas, Toalla"
512,"Botella, Bolsa"
513,"Botella, Balón, Zapatillas, Gorra, Pantalones"
514,"Gorra, Sudadera, Pantalones, Balón"
515,"Pantalones, Botella, Gorra, Camiseta"
516,"Bolsa, Camiseta, Pantalones, Toalla"
517,"Toalla, Gorra, Sudadera"
518,"Camiseta, Gorra, Botella, Sudadera"
519,"Toalla, Gorra"
520,"Bolsa, Gorra, Sudadera"
521,"Bolsa, Toalla, Sudadera, Zapatillas"
522,"Sudadera, Botella, Toalla, Gorra"
523,"Toalla, Sudadera"
524,"Sudadera, Balón, Bolsa"
525,"Balón, Gorra"
526,"Camiseta, Calcetines, Bolsa"
527,"Zapatillas, Gorra, Sudadera, Pantalones"
528,"Balón, Gorra, Toalla, Calcetines, Sudadera"
529,"Calcetines, Toalla, Botella, Gorra"
530,"Sudadera, Zapatillas, Botella"
531,"Zapatillas, Botella, Camiseta, Calcetines, Toalla"
532,"Camiseta, Balón"
533,"Zapatillas, Gorra, Pantalones, Sudadera, Toalla"
534,"Gorra, Botella"
535,"Sudadera, Camiseta, Toalla, Balón, Gorra"
536,"Camiseta, Botella"
537,"Camiseta, Balón, Calcetines, Toalla, Zapatillas"
538,"Botella, Bolsa"
539,"Pantalones, Balón, Zapatillas"
540,"Gorra, Botella, Calcetines"
541,"Calcetines, Bolsa, Pantalones, Zapatillas"
542,"Toalla, Gorra, Botella, Zapatillas, Sudadera"
543,"Camiseta, Pantalones"
544,"Bolsa, Balón, Toalla, Camiseta, Sudadera"
545,"Zapatillas, Pantalones"
546,"Bolsa, Sudadera, Pantalones, Calcetines, Camiseta"
547,"Gorra, Toalla, Calcetines"
548,"Pantalones, Calcetines"
549,"Zapatillas, Sudadera"
550,"Gorra, Zapatillas"
551,"Pantalones, Calcetines, Zapatillas, Botella, Balón"
552,"Botella, Sudadera, Bolsa, Toalla, Balón"
553,"Pantalones, Botella, Sudadera"
554,"Pantalones, Bolsa"
555,"Pantalones, Sudadera, Bolsa"
556,"Camiseta, Calcetines, Toalla, Gorra"
557,"Sudadera, Botella, Bolsa"
558,"Zapatillas, Bolsa, Pantalones, Botella, Calcetines"
559,"Gorra, Pantalones, Botella, Zapatillas"
560,"Bolsa, Zapatillas, Balón"
561,"Sudadera, Pantalones, Botella, Camiseta"
562,"Toalla, Sudadera, Calcetines, Camiseta"
563,"Pantalones, Zapatillas, Bolsa"
564,"Botella, Balón, Bolsa, Camiseta, Toalla"
565,"Sudadera, Botella"
566,"Balón, Sudadera"
567,"Camiseta, Calcetines, Bolsa, Gorra, Balón"
568,"Balón, Botella, Zapatillas"
569,"Zapatillas, Balón, Calcetines, Botella, Bolsa"
570,"Zapatillas, Pantalones, Balón, Gorra, Toalla"
571,"Calcetines, Toalla, Pantalones, Zapatillas, Bolsa"
572,"Toalla, Gorra, Balón"
573,"Zapatillas, Calcetines"
574,"Bolsa, Sudadera"
575,"Sudadera, Toalla, Balón, Gorra, Botella"
576,"Calcetines, Sudadera, Gorra"
577,"Sudadera, Zapatillas, Bolsa, Botella, Toalla"
578,"Balón, Gorra, Sudadera, Botella, Zapatillas"
579,"Sudadera, Pantalones, Gorra, Calcetines, Bolsa"
580,"Botella, Camiseta, Toalla"
581,"Toalla, Calcetines, Pantalones"
582,"Toalla, Zapatillas, Calcetines, Pantalones, Botella"
583,"Bolsa, Balón, Pantalones"
584,"Balón, Toalla, Bolsa, Calcetines, Botella"
585,"Botella, Camiseta, Sudadera, Toalla, Calcetines"
586,"Pantalones, Gorra"
587,"Zapatillas, Camiseta, Bolsa, Toalla"
588,"Bolsa, Pantalones, Camiseta, Toalla"
589,"Gorra, Botella, Balón, Toalla"
590,"Bolsa, Toalla, Zapatillas, Botella"
591,"Toalla, Pantalones"
592,"Bolsa, Pantalones, Botella, Balón"
593,"Sudadera, Calcetines, Balón"
594,"Gorra, Botella, Toalla, Zapatillas, Balón"
595,"Toalla, Balón"
596,"Pantalones, Calcetines, Camiseta, Bolsa"
597,"Camiseta, Sudadera"
598,"Zapatillas, Gorra"
599,"Botella, Zapatillas, Sudadera"
600,"Toalla, Gorra, Bolsa, Sudadera, Pantalones"
601,"Bolsa, Balón, Camiseta"
602,"Toalla, Bolsa, Botella"
603,"Gorra, Balón"
604,"Pantalones, Balón, Zapatillas, Toalla"
605,"Gorra, Toalla, Pantalones, Zapatillas"
606,"Botella, Sudadera, Bolsa, Calcetines, Gorra"
607,"Sudadera, Balón"
608,"Balón, Zapatillas, Calcetines, Toalla, Bolsa"
609,"Zapatillas, Sudadera"
610,"Gorra, Calcetines"
611,"Zapatillas, Sudadera"
612,"Botella, Bolsa, Balón"
613,"Balón, Bolsa, Botella"
614,"Toalla, Botella, Zapatillas"
615,"Toalla, Calcetines, Zapatillas"
616,"Sudadera, Toalla, Camiseta"
617,"Camiseta, Toalla, Zapatillas, Pantalones"
618,"Botella, Balón, Toalla, Gorra, Sudadera"
619,"Bolsa, Toalla, Botella, Pantalones, Camiseta"
620,"Gorra, Calcetines"
621,"Calcetines, Gorra"
622,"Zapatillas, Toalla, Botella, Calcetines"
623,"Balón, Pantalones"
624,"Botella, Sudadera, Camiseta, Bolsa"
625,"Botella, Gorra, Bolsa, Camiseta, Sudadera"
626,"Calcetines, Camiseta, Toalla"
627,"Sudadera, Pantalones, Toalla, Bolsa"
628,"Gorra, Balón"
629,"Balón, Bolsa, Zapatillas, Calcetines"
630,"Gorra, Balón, Camiseta"
631,"Botella, Calcetines, Zapatillas, Toalla"
632,"Calcetines, Balón, Pantalones, Toalla"
633,"Camiseta, Calcetines, Zapatillas, Sudadera, Pantalones"
634,"Zapatillas, Sudadera, Gorra"
635,"Toalla, Zapatillas, Calcetines, Sudadera, Gorra"
636,"Toalla, Pantalones, Botella, Gorra, Calcetines"
637,"Sudadera, Toalla, Botella, Zapatillas"
638,"Pantalones, Toalla"
639,"Pantalones, Botella, Bolsa, Balón"
640,"Gorra, Toalla, Calcetines, Zapatillas, Bolsa"
641,"Botella, Zapatillas, Toalla, Bolsa"
642,"Camiseta, Balón, Pantalones, Sudadera"
643,"Camiseta, Pantalones, Zapatillas, Gorra, Bolsa"
644,"Bolsa, Gorra"
645,"Calcetines, Zapatillas, Balón"
646,"Sudadera, Calcetines"
647,"Sudadera, Zapatillas"
648,"Bolsa, Calcetines"
649,"Bolsa, Pantalones, Botella"
650,"Gorra, Toalla"
651,"Zapatillas, Gorra"
652,"Camiseta, Balón, Sudadera, Bolsa, Botella"
653,"Zapatillas, Toalla, Pantalones, Botella, Gorra"
654,"Pantalones, Balón"
655,"Sudadera, Calcetines, Zapatillas, Gorra"
656,"Zapatillas, Pantalones, Camiseta"
657,"Toalla, Sudadera, Gorra"
658,"Bolsa, Toalla, Gorra"
659,"Pantalones, Zapatillas"
660,"Balón, Bolsa"
661,"Bolsa, Sudadera, Zapatillas, Pantalones"
662,"Pantalones, Gorra, Calcetines, Bolsa"
663,"Calcetines, Gorra"
664,"Bolsa, Calcetines, Camiseta"
665,"Toalla, Bolsa, Pantalones"
666,"Toalla, Pantalones, Camiseta"
667,"Sudadera, Zapatillas, Bolsa, Toalla"
668,"Sudadera, Botella, Zapatillas, Bolsa, Gorra"
669,"Camiseta, Pantalones"
670,"Calcetines, Gorra"
671,"Camiseta, Bolsa"
672,"Botella, Bolsa, Balón, Sudadera"
673,"Pantalones, Botella, Zapatillas, Toalla, Camiseta"
674,"Pantalones, Botella, Gorra, Bolsa"
675,"Botella, Sudadera, Bolsa"
676,"Calcetines, Bolsa"
677,"Camiseta, Gorra, Pantalones"
678,"Pantalones, Toalla, Camiseta, Zapatillas, Sudadera"
679,"Pantalones, Camiseta, Zapatillas"
680,"Zapatillas, Toalla"
681,"Botella, Balón, Calcetines, Pantalones"
682,"Zapatillas, Calcetines, Pantalones, Bolsa"
683,"Sudadera, Bolsa"
684,"Botella, Pantalones, Calcetines, Sudadera"
685,"Toalla, Balón"
686,"Camiseta, Toalla, Zapatillas, Botella"
687,"Calcetines, Pantalones, Botella"
688,"Botella, Camiseta, Balón"
689,"Gorra, Camiseta"
690,"Sudadera, Bolsa, Zapatillas, Pantalones, Camiseta"
691,"Gorra, Sudadera, Balón, Toalla, Botella"
692,"Calcetines, Pantalones, Sudadera, Camiseta"
693,"Zapatillas, Gorra"
694,"Bolsa, Pantalones"
695,"Calcetines, Balón, Sudadera, Camiseta, Botella"
696,"Camiseta, Sudadera, Gorra, Zapatillas, Calcetines"
697,"Balón, Gorra, Toalla, Zapatillas"
698,"Gorra, Botella, Balón, Pantalones, Camiseta"
699,"Camiseta, Gorra, Sudadera, Toalla, Bolsa"
700,"Sudadera, Camiseta"
701,"Calcetines, Pantalones, Gorra, Balón, Botella"
702,"Toalla, Camiseta, Zapatillas, Sudadera, Balón"
703,"Camiseta, Gorra"
704,"Sudadera, Toalla, Pantalones, Calcetines, Camiseta"
705,"Bolsa, Pantalones, Camiseta"
706,"Zapatillas, Gorra, Calcetines, Balón, Bolsa"
707,"Sudadera, Balón, Toalla, Zapatillas, Pantalones"
708,"Gorra, Zapatillas"
709,"Zapatillas, Pantalones"
710,"Toalla, Balón, Sudadera"
711,"Pantalones, Botella, Sudadera, Bolsa, Balón"
712,"Calcetines, Toalla, Balón, Bolsa, Camiseta"
713,"Zapatillas, Calcetines"
714,"Gorra, Sudadera"
715,"Pantalones, Gorra, Sudadera"
716,"Botella, Camiseta, Calcetines, Zapatillas, Pantalones"
717,"Bolsa, Toalla"
718,"Pantalones, Toalla, Balón"
719,"Pantalones, Camiseta, Botella"
720,"Zapatillas, Gorra, Bolsa"
721,"Pantalones, Calcetines, Balón, Camiseta"
722,"Gorra, Toalla"
723,"Pantalones, Sudadera, Balón"
724,"Toalla, Camiseta"
725,"Balón, Bolsa, Botella"
726,"Camiseta, Bolsa, Botella, Pantalones, Zapatillas"
727,"Zapatillas, Calcetines, Botella"
728,"Zapatillas, Camiseta, Gorra, Sudadera, Balón"
729,"Bolsa, Botella, Toalla, Camiseta, Balón"
730,"Bolsa, Zapatillas, Balón, Pantalones"
731,"Botella, Camiseta, Bolsa"
732,"Toalla, Botella, Balón, Zapatillas"
733,"Bolsa, Calcetines, Zapatillas, Camiseta"
734,"Balón, Gorra, Camiseta, Bolsa"
735,"Camiseta, Toalla, Sudadera, Bolsa"
736,"Zapatillas, Pantalones, Gorra"
737,"Calcetines, Botella, Camiseta"
738,"Balón, Bolsa, Sudadera"
739,"Zapatillas, Gorra, Sudadera"
740,"Balón, Camiseta, Sudadera, Calcetines"
741,"Balón, Gorra, Toalla"
742,"Zapatillas, Toalla, Camiseta, Botella"
743,"Gorra, Balón"
744,"Botella, Toalla"
745,"Sudadera, Gorra"
746,"Sudadera, Zapatillas, Balón"
747,"Camiseta, Zapatillas"
748,"Pantalones, Botella, Sudadera"
749,"Sudadera, Bolsa"
750,"Sudadera, Calcetines"
751,"Zapatillas, Balón, Bolsa, Toalla"
752,"Sudadera, Zapatillas, Balón, Pantalones, Toalla"
753,"Bolsa, Calcetines, Botella"
754,"Zapatillas, Camiseta, Bolsa"
755,"Zapatillas, Sudadera"
756,"Balón, Pantalones, Toalla"
757,"Sudadera, Pantalones, Gorra"
758,"Sudadera, Zapatillas, Pantalones, Bolsa"
759,"Toalla, Camiseta, Calcetines, Pantalones"
760,"Pantalones, Sudadera, Calcetines"
761,"Camiseta, Balón"
762,"Toalla, Bolsa, Zapatillas, Gorra, Botella"
763,"Sudadera, Botella, Bolsa, Camiseta, Gorra"
764,"Zapatillas, Toalla, Pantalones"
765,"Calcetines, Camiseta"
766,"Calcetines, Pantalones, Botella, Zapatillas"
767,"Bolsa, Zapatillas, Pantalones"
768,"Sudadera, Toalla"
769,"Bolsa, Zapatillas"
770,"Zapatillas, Camiseta, Pantalones, Balón, Toalla"
771,"Bolsa, Botella, Calcetines"
772,"Calcetines, Gorra, Pantalones, Camiseta"
773,"Balón, Botella, Toalla, Pantalones, Camiseta"
774,"Camiseta, Bolsa, Pantalones, Zapatillas"
775,"Gorra, Pantalones, Camiseta, Botella, Bolsa"
776,"Pantalones, Toalla, Balón, Zapatillas"
777,"Toalla, Balón, Calcetines, Camiseta, Sudadera"
778,"Zapatillas, Sudadera, Bolsa, Balón, Pantalones"
779,"Camiseta, Calcetines, Toalla, Gorra, Zapatillas"
780,"Calcetines, Camiseta, Zapatillas"
781,"Pantalones, Sudadera"
782,"Balón, Gorra, Camiseta, Bolsa, Botella"
783,"Botella, Toalla, Gorra, Balón, Zapatillas"
784,"Bolsa, Camiseta"
785,"Pantalones, Toalla, Zapatillas"
786,"Gorra, Balón, Zapatillas"
787,"Bolsa, Pantalones"
788,"Gorra, Zapatillas, Calcetines, Botella, Sudadera"
789,"Pantalones, Bolsa"
790,"Botella, Sudadera, Calcetines, Toalla, Gorra"
791,"Balón, Botella"
792,"Pantalones, Bolsa, Zapatillas, Balón, Calcetines"
793,"Pantalones, Balón"
794,"Botella, Sudadera, Bolsa, Zapatillas"
795,"Toalla, Balón, Camiseta, Pantalones, Zapatillas"
796,"Zapatillas, Bolsa, Camiseta, Gorra, Balón"
797,"Camiseta, Toalla, Calcetines"
798,"Camiseta, Sudadera, Calcetines, Zapatillas"
799,"Toalla, Pantalones, Gorra, Botella"
800,"Toalla, Sudadera, Calcetines, Botella"
801,"Balón, Pantalones, Gorra, Toalla, Botella"
802,"Toalla, Botella, Sudadera, Bolsa, Camiseta"
803,"Pantalones, Calcetines, Bolsa"
804,"Botella, Camiseta, Zapatillas"
805,"Gorra, Camiseta, Balón"
806,"Toalla, Camiseta"
807,"Gorra, Calcetines, Sudadera, Bolsa"
808,"Botella, Bolsa, Pantalones, Sudadera, Camiseta"
809,"Sudadera, Toalla, Botella"
810,"Toalla, Botella, Sudadera"
811,"Zapatillas, Calcetines, Pantalones, Balón"
812,"Bolsa, Camiseta"
813,"Balón, Gorra, Botella"
814,"Gorra, Calcetines, Bolsa"
815,"Camiseta, Toalla"
816,"Zapatillas, Camiseta, Gorra"
817,"Balón, Calcetines, Botella, Gorra"
818,"Sudadera, Toalla, Calcetines, Pantalones, Gorra"
819,"Botella, Bolsa, Pantalones, Camiseta"
820,"Botella, Calcetines, Balón, Sudadera"
821,"Toalla, Pantalones"
822,"Calcetines, Sudadera, Balón, Zapatillas"
823,"Gorra, Zapatillas, Balón, Camiseta"
824,"Sudadera, Zapatillas, Camiseta, Balón, Gorra"
825,"Calcetines, Bolsa, Botella, Gorra"
826,"Balón, Gorra"
827,"Gorra, Botella, Toalla, Sudadera"
828,"Botella, Calcetines, Zapatillas, Bolsa"
829,"Calcetines, Pantalones, Toalla"
830,"Calcetines, Botella, Zapatillas"
831,"Pantalones, Gorra, Sudadera, Balón"
832,"Bolsa, Sudadera, Botella, Zapatillas"
833,"Toalla, Pantalones, Balón, Camiseta"
834,"Toalla, Gorra"
835,"Bolsa, Botella"
836,"Bolsa, Camiseta, Zapatillas, Pantalones"
837,"Sudadera, Bolsa, Toalla"
838,"Sudadera, Zapatillas, Pantalones"
839,"Sudadera, Zapatillas, Balón, Toalla, Camiseta"
840,"Toalla, Calcetines"
841,"Zapatillas, Balón, Toalla"
842,"Zapatillas, Bolsa"
843,"Bolsa, Balón, Toalla, Gorra, Camiseta"
844,"Botella, Gorra"
845,"Camiseta, Sudadera, Gorra, Balón"
846,"Gorra, Balón"
847,"Calcetines, Zapatillas, Pantalones, Gorra"
848,"Zapatillas, Pantalones, Camiseta, Balón"
849,"Toalla, Botella, Sudadera, Gorra"
850,"Sudadera, Toalla, Balón"
851,"Zapatillas, Bolsa, Camiseta"
852,"Gorra, Zapatillas, Balón"
853,"Balón, Botella"
854,"Pantalones, Sudadera, Camiseta"
855,"Calcetines, Botella, Camiseta, Balón, Toalla"
856,"Camiseta, Balón"
857,"Bolsa, Toalla"
858,"Pantalones, Botella, Calcetines, Gorra, Sudadera"
859,"Gorra, Camiseta, Calcetines"
860,"Pantalones, Botella, Calcetines, Toalla, Bolsa"
861,"Bolsa, Pantalones, Botella"
862,"Pantalones, Balón, Toalla, Botella"
863,"Calcetines, Botella, Gorra"
864,"Bolsa, Calcetines, Zapatillas, Camiseta"
865,"Gorra, Toalla, Sudadera, Pantalones, Camiseta"
866,"Pantalones, Balón"
867,"Zapatillas, Pantalones, Botella, Sudadera, Bolsa"
868,"Calcetines, Gorra"
869,"Calcetines, Balón, Toalla, Camiseta, Bolsa"
870,"Camiseta, Calcetines, Sudadera"
871,"Bolsa, Pantalones, Botella, Balón"
872,"Camiseta, Zapatillas"
873,"Sudadera, Balón, Toalla"
874,"Pantalones, Sudadera, Botella, Balón"
875,"Bolsa, Balón"
876,"Calcetines, Bolsa, Toalla, Botella, Gorra"
877,"Pantalones, Zapatillas, Camiseta"
878,"Pantalones, Bolsa, Toalla"
879,"Zapatillas, Bolsa, Sudadera, Calcetines, Camiseta"
880,"Toalla, Balón, Pantalones"
881,"Toalla, Camiseta, Pantalones, Zapatillas, Sudadera"
882,"Camiseta, Botella, Gorra, Sudadera"
883,"Botella, Balón, Pantalones, Gorra"
884,"Toalla, Sudadera, Bolsa"
885,"Botella, Camiseta, Balón"
886,"Botella, Toalla, Balón"
887,"Pantalones, Toalla, Sudadera"
888,"Sudadera, Calcetines, Camiseta"
889,"Botella, Bolsa, Balón"
890,"Pantalones, Toalla, Botella"
891,"Pantalones, Toalla, Botella, Zapatillas, Camiseta"
892,"Camiseta, Pantalones, Bolsa, Gorra, Balón"
893,"Pantalones, Calcetines"
894,"Toalla, Sudadera, Botella"
895,"Gorra, Toalla"
896,"Botella, Toalla, Sudadera, Balón"
897,"Pantalones, Balón, Gorra, Camiseta, Zapatillas"
898,"Calcetines, Botella, Sudadera, Toalla"
899,"Camiseta, Zapatillas"
900,"Zapatillas, Bolsa, Pantalones, Balón, Calcetines"
901,"Gorra, Pantalones, Bolsa"
902,"Toalla, Gorra, Sudadera"
903,"Bolsa, Camiseta"
904,"Toalla, Balón"
905,"Toalla, Camiseta, Botella"
906,"Balón, Toalla, Zapatillas, Sudadera, Calcetines"
907,"Zapatillas, Pantalones, Bolsa"
908,"Botella, Bolsa, Balón, Calcetines"
909,"Calcetines, Bolsa, Sudadera"
910,"Toalla, Zapatillas, Botella, Gorra"
911,"Botella, Sudadera, Gorra, Pantalones"
912,"Balón, Calcetines, Sudadera"
913,"Zapatillas, Botella, Sudadera"
914,"Sudadera, Botella"
915,"Balón, Bolsa, Calcetines, Botella, Gorra"
916,"Botella, Pantalones"
917,"Bolsa, Zapatillas"
918,"Camiseta, Gorra"
919,"Zapatillas, Calcetines, Botella, Pantalones"
920,"Calcetines, Gorra"
921,"Sudadera, Toalla"
922,"Balón, Botella"
923,"Botella, Bolsa, Gorra"
924,"Camiseta, Bolsa, Botella, Gorra"
925,"Botella, Camiseta, Balón, Sudadera"
926,"Gorra, Toalla, Balón, Sudadera"
927,"Balón, Botella, Gorra, Bolsa"
928,"Calcetines, Toalla, Zapatillas"
929,"Zapatillas, Balón"
930,"Bolsa, Camiseta"
931,"Calcetines, Botella, Balón, Pantalones, Bolsa"
932,"Camiseta, Sudadera, Toalla, Botella"
933,"Camiseta, Zapatillas, Sudadera"
934,"Balón, Calcetines"
935,"Balón, Botella, Sudadera, Camiseta, Toalla"
936,"Botella, Gorra, Zapatillas, Calcetines"
937,"Botella, Zapatillas"
938,"Botella, Balón, Bolsa, Camiseta, Zapatillas"
939,"Gorra, Sudadera, Botella"
940,"Calcetines, Gorra, Toalla, Balón"
941,"Pantalones, Sudadera"
942,"Gorra, Balón, Camiseta, Sudadera, Zapatillas"
943,"Pantalones, Bolsa, Calcetines, Toalla, Sudadera"
944,"Camiseta, Botella, Sudadera, Calcetines"
945,"Toalla, Camiseta, Calcetines, Sudadera, Pantalones"
946,"Botella, Pantalones, Balón, Toalla"
947,"Pantalones, Gorra"
948,"Bolsa, Pantalones, Gorra"
949,"Pantalones, Zapatillas, Camiseta, Gorra, Sudadera"
950,"Camiseta, Pantalones, Botella, Balón"
951,"Calcetines, Botella, Pantalones"
952,"Calcetines, Bolsa, Botella"
953,"Bolsa, Balón, Sudadera, Camiseta, Gorra"
954,"Botella, Camiseta"
955,"Balón, Camiseta"
956,"Sudadera, Botella"
957,"Calcetines, Balón"
958,"Calcetines, Toalla"
959,"Bolsa, Camiseta, Toalla, Pantalones, Calcetines"
960,"Zapatillas, Bolsa, Calcetines"
961,"Calcetines, Sudadera, Camiseta"
962,"Pantalones, Camiseta, Botella"
963,"Botella, Balón, Pantalones, Zapatillas, Toalla"
964,"Gorra, Bolsa, Zapatillas, Pantalones"
965,"Gorra, Calcetines, Balón"
966,"Zapatillas, Camiseta"
967,"Botella, Pantalones, Calcetines, Sudadera, Camiseta"
968,"Pantalones, Gorra, Toalla, Zapatillas"
969,"Zapatillas, Gorra, Pantalones, Balón"
970,"Gorra, Sudadera"
971,"Toalla, Sudadera, Calcetines, Botella, Balón"
972,"Balón, Sudadera, Botella"
973,"Zapatillas, Camiseta, Sudadera, Pantalones, Bolsa"
974,"Calcetines, Sudadera, Zapatillas, Botella, Bolsa"
975,"Toalla, Balón, Botella, Zapatillas"
976,"Toalla, Botella, Pantalones, Balón"
977,"Calcetines, Zapatillas"
978,"Calcetines, Pantalones, Botella"
979,"Botella, Camiseta"
980,"Balón, Gorra, Camiseta, Calcetines, Zapatillas"
981,"Zapatillas, Sudadera, Bolsa, Pantalones, Calcetines"
982,"Zapatillas, Toalla, Pantalones, Gorra"
983,"Botella, Camiseta, Gorra, Bolsa"
984,"Botella, Zapatillas, Toalla"
985,"Zapatillas, Balón, Toalla"
986,"Camiseta, Gorra, Toalla, Pantalones"
987,"Calcetines, Sudadera"
988,"Camiseta, Gorra, Sudadera"
989,"Toalla, Balón, Camiseta, Botella, Sudadera"
990,"Pantalones, Botella, Calcetines, Bolsa"
991,"Balón, Botella, Zapatillas, Gorra"
992,"Sudadera, Pantalones, Calcetines, Gorra, Botella"
993,"Sudadera, Balón, Toalla, Bolsa, Gorra"
994,"Botella, Zapatillas"
995,"Zapatillas, Gorra, Pantalones, Calcetines, Sudadera"
996,"Gorra, Zapatillas, Botella, Pantalones"
997,"Balón, Pantalones, Gorra, Toalla"
998,"Pantalones, Toalla, Botella, Gorra"
999,"Balón, Zapatillas, Bolsa"
1000,"Gorra, Camiseta"
